,picture,name,author,price,score,sum
0,https://img1.doubanio.com/view/subject/s/public/s1070959.jpg,红楼梦,[清] 曹雪芹 著 ,[清] 曹雪芹 著 ,9.6,都云作者痴，谁解其中味？
1,https://img1.doubanio.com/view/subject/s/public/s29053580.jpg,活着,余华 ,余华 ,9.4,生的苦难与伟大
2,https://img1.doubanio.com/view/subject/s/public/s4371408.jpg,1984,[英] 乔治·奥威尔 ,[英] 乔治·奥威尔 ,9.4,栗树荫下，我出卖你，你出卖我
3,https://img2.doubanio.com/view/subject/s/public/s30016152.jpg,三体全集:地球往事三部曲,刘慈欣 ,刘慈欣 ,9.5,地球往事三部曲
4,https://img1.doubanio.com/view/subject/s/public/s27237850.jpg,百年孤独,[哥伦比亚] 加西亚·马尔克斯 ,[哥伦比亚] 加西亚·马尔克斯 ,9.3,魔幻现实主义文学代表作
5,https://img9.doubanio.com/view/subject/s/public/s29101586.jpg,哈利·波特,J.K.罗琳 (J.K.Rowling) ,J.K.罗琳 (J.K.Rowling) ,9.7,从9¾站台开始的旅程
6,https://img1.doubanio.com/view/subject/s/public/s1078958.jpg,飘,[美国] 玛格丽特·米切尔 ,[美国] 玛格丽特·米切尔 ,9.3,革命时期的爱情，随风而逝
7,https://img2.doubanio.com/view/subject/s/public/s29651121.jpg,房思琪的初恋乐园,林奕含 ,林奕含 ,9.2,向死而生的文学绝唱
8,https://img2.doubanio.com/view/subject/s/public/s1076932.jpg,三国演义（全二册）,[明] 罗贯中 ,[明] 罗贯中 ,9.3,是非成败转头空
9,https://img1.doubanio.com/view/subject/s/public/s2347590.jpg,动物农场,[英] 乔治·奥威尔 ,[英] 乔治·奥威尔 ,9.3,太阳底下并无新事
10,https://img1.doubanio.com/view/subject/s/public/s1229240.jpg,福尔摩斯探案全集（上中下）,[英] 阿·柯南道尔 ,[英] 阿·柯南道尔 ,9.3,名侦探的代名词
11,https://img1.doubanio.com/view/subject/s/public/s24514468.jpg,白夜行,[日] 东野圭吾 ,[日] 东野圭吾 ,9.2,一宗离奇命案牵出跨度近20年步步惊心的故事
12,https://img2.doubanio.com/view/subject/s/public/s1103152.jpg,小王子,[法] 圣埃克苏佩里 ,[法] 圣埃克苏佩里 ,9.1,献给长成了大人的孩子们
13,https://img2.doubanio.com/view/subject/s/public/s1034062.jpg,安徒生童话故事集,（丹麦）安徒生 ,（丹麦）安徒生 ,9.3,为了争取未来的一代
14,https://img2.doubanio.com/view/subject/s/public/s1369343.jpg,撒哈拉的故事,三毛 ,三毛 ,9.2,游荡的自由灵魂
15,https://img9.doubanio.com/view/subject/s/public/s26018275.jpg,天龙八部,金庸 ,金庸 ,9.2,有情皆孽，无人不冤
16,https://img9.doubanio.com/view/subject/s/public/s34099286.jpg,呐喊,鲁迅 ,鲁迅 ,9.2,新文学的第一声呐喊
17,https://img2.doubanio.com/view/subject/s/public/s23128183.jpg,杀死一只知更鸟,[美] 哈珀·李 ,[美] 哈珀·李 ,9.2,有一种东西不能遵循从众原则，那就是——人的良心
18,https://img9.doubanio.com/view/subject/s/public/s3745215.jpg,明朝那些事儿（1-9）:限量版,当年明月 ,当年明月 ,9.2,不拘一格的历史书写
19,https://img1.doubanio.com/view/subject/s/public/s29799269.jpg,失踪的孩子:那不勒斯四部曲4,[意] 埃莱娜·费兰特 ,[意] 埃莱娜·费兰特 ,9.2,我的整个生命，只是一场为了提升社会地位的低俗斗争。
20,https://img1.doubanio.com/view/subject/s/public/s29396368.jpg,悉达多:一首印度的诗,[德] 赫尔曼·黑塞 ,[德] 赫尔曼·黑塞 ,9.3,
21,https://img9.doubanio.com/view/subject/s/public/s29376146.jpg,新名字的故事:那不勒斯四部曲2,[意] 埃莱娜·费兰特 ,[意] 埃莱娜·费兰特 ,9.2,探索青年时代的激情、困惑、挣扎、背叛和失去
22,https://img1.doubanio.com/view/subject/s/public/s24516687.jpg,邓小平时代,【美】傅高义 (Ezra.F.Vogel) ,【美】傅高义 (Ezra.F.Vogel) ,9.3,个人命运背后的历史变局
23,https://img1.doubanio.com/view/subject/s/public/s1447349.jpg,沉默的大多数:王小波杂文随笔全编,王小波 ,王小波 ,9.1,沉默是沉默者的通行证
24,https://img9.doubanio.com/view/subject/s/public/s1319205.jpg,中国历代政治得失,钱穆 ,钱穆 ,9.2,一部简明的“中国政治制度史”
25,https://img2.doubanio.com/view/subject/s/public/s34099301.jpg,野草,鲁迅 ,鲁迅 ,9.5,我以这一丛野草，在明与暗，生与死，过去与未来之际，献于友与仇，人与兽，爱者与不爱者之前作证。
26,https://img9.doubanio.com/view/subject/s/public/s4468484.jpg,局外人,[法] 阿尔贝·加缪 ,[法] 阿尔贝·加缪 ,9.1,人生在世，永远也不该演戏作假
27,https://img2.doubanio.com/view/subject/s/public/s27814883.jpg,人类简史:从动物到上帝,[以色列] 尤瓦尔·赫拉利 ,[以色列] 尤瓦尔·赫拉利 ,9.1,跟着人类一同走过十万年
28,https://img1.doubanio.com/view/subject/s/public/s1762210.jpg,乡土中国,费孝通 ,费孝通 ,9.2,中国乡土社会传统文化和社会结构理论研究代表作
29,https://img2.doubanio.com/view/subject/s/public/s1144911.jpg,平凡的世界（全三部）,路遥 ,路遥 ,9.0,中国当代城乡生活全景
30,https://img2.doubanio.com/view/subject/s/public/s1070222.jpg,围城,钱锺书 ,钱锺书 ,9.0,幽默的语言和对生活深刻的观察
31,https://img9.doubanio.com/view/subject/s/public/s2157335.jpg,笑傲江湖（全四册）,金庸 ,金庸 ,9.1,欲练此功，必先自宫
32,https://img9.doubanio.com/view/subject/s/public/s28111905.jpg,白鹿原:20周年精装典藏版,陈忠实 ,陈忠实 ,9.2,一轴关于我们民族灵魂的现实主义画卷
33,https://img9.doubanio.com/view/subject/s/public/s4007145.jpg,肖申克的救赎,[美] 斯蒂芬·金 ,[美] 斯蒂芬·金 ,9.1,豆瓣电影Top1原著
34,https://img1.doubanio.com/view/subject/s/public/s1151479.jpg,我与地坛:史铁生代表作,史铁生 ,史铁生 ,9.2,这是你的罪孽与福祉
35,https://img2.doubanio.com/view/subject/s/public/s34099293.jpg,彷徨,鲁迅 ,鲁迅 ,9.3,路漫漫其修远兮，吾将上下而求索
36,https://img1.doubanio.com/view/subject/s/public/s1765799.jpg,东方快车谋杀案,[英] 阿加莎·克里斯蒂 ,[英] 阿加莎·克里斯蒂 ,9.1,谋杀诡计惊人，波洛的抉择耐人寻味
37,https://img2.doubanio.com/view/subject/s/public/s11284102.jpg,霍乱时期的爱情,[哥伦比亚] 加西亚·马尔克斯 ,[哥伦比亚] 加西亚·马尔克斯 ,9.0,义无反顾地直达爱情的核心
38,https://img9.doubanio.com/view/subject/s/public/s3248016.jpg,基督山伯爵,[法国] 大仲马 ,[法国] 大仲马 ,9.1,一个报恩复仇的故事，以法国波旁王朝和七月王朝为背景
39,https://img9.doubanio.com/view/subject/s/public/s32271204.jpg,江城,[美] 彼得·海斯勒 ,[美] 彼得·海斯勒 ,9.1,外国人眼中的涪陵
40,https://img1.doubanio.com/view/subject/s/public/s28050760.jpg,献给阿尔吉侬的花束,[美] 丹尼尔·凯斯 ,[美] 丹尼尔·凯斯 ,9.1,当声称能改造智能的科学实验选中心智障碍主角
41,https://img1.doubanio.com/view/subject/s/public/s24575140.jpg,许三观卖血记,余华 ,余华 ,9.2,
42,https://img2.doubanio.com/view/subject/s/public/s25814002.jpg,罗杰疑案:阿加莎·克里斯蒂侦探作品集02,[英] 阿加莎·克里斯蒂 ,[英] 阿加莎·克里斯蒂 ,9.2,
43,https://img1.doubanio.com/view/subject/s/public/s2654869.jpg,城南旧事:纪念普及版,林海音 文 ,林海音 文 ,9.1,长亭外，古道边，芳草碧连天
44,https://img9.doubanio.com/view/subject/s/public/s1800355.jpg,万历十五年,[美] 黄仁宇 ,[美] 黄仁宇 ,9.0,见微知著，历史观的颠覆
45,https://img1.doubanio.com/view/subject/s/public/s2659208.jpg,月亮和六便士,[英] 毛姆 ,[英] 毛姆 ,9.0,有多少人会经历顿悟，就有更少的人甘愿自我放逐
46,https://img2.doubanio.com/view/subject/s/public/s3219163.jpg,艺术的故事,[英] 贡布里希 (Sir E.H.Gombrich) ,[英] 贡布里希 (Sir E.H.Gombrich) ,9.6,从最早的洞窟绘画到当今的实验艺术
47,https://img1.doubanio.com/view/subject/s/public/s34099297.jpg,故事新编,鲁迅 ,鲁迅 ,9.4,拾取古代传说，取一点因由，随意点染
48,https://img2.doubanio.com/view/subject/s/public/s2059791.jpg,卡拉马佐夫兄弟,[俄] 费奥多尔·陀思妥耶夫斯基 ,[俄] 费奥多尔·陀思妥耶夫斯基 ,9.4,错综复杂的社会、家庭矛盾和人性悲剧
49,https://img1.doubanio.com/view/subject/s/public/s34099290.jpg,朝花夕拾,鲁迅 ,鲁迅 ,9.0,在纷扰中寻出一点闲静
50,https://img9.doubanio.com/view/subject/s/public/s2157336.jpg,射雕英雄传,金庸 ,金庸 ,9.1,侠之大者，为国为民
51,https://img1.doubanio.com/view/subject/s/public/s1727290.jpg,追风筝的人,[美] 卡勒德·胡赛尼 ,[美] 卡勒德·胡赛尼 ,8.9,为你，千千万万遍
52,https://img1.doubanio.com/view/subject/s/public/s32271209.jpg,寻路中国:从乡村到工厂的自驾之旅,[美] 彼得·海斯勒 ,[美] 彼得·海斯勒 ,9.0,《纽约客》驻北京记者驾车漫游中国大陆的经历
53,https://img2.doubanio.com/view/subject/s/public/s2347562.jpg,刀锋,[英]毛姆 ,[英]毛姆 ,9.0,一把刀的锋刃不容易越过；因此智者说得救之道是困难的
54,https://img1.doubanio.com/view/subject/s/public/s33797467.jpg,厌女:日本的女性嫌恶,上野千鹤子 ,上野千鹤子 ,9.1,
55,https://img1.doubanio.com/view/subject/s/public/s2962510.jpg,无人生还,[英] 阿加莎・克里斯蒂 ,[英] 阿加莎・克里斯蒂 ,9.0,童谣杀人案
56,https://img9.doubanio.com/view/subject/s/public/s8968135.jpg,树上的男爵,[意大利]伊塔洛·卡尔维诺 ,[意大利]伊塔洛·卡尔维诺 ,9.1,是不是真的只有先与人疏离，才能最终与他们在一起？
57,https://img9.doubanio.com/view/subject/s/public/s1043975.jpg,格林童话全集,[德国]格林兄弟 ,[德国]格林兄弟 ,9.0,一本有教育意义的书
58,https://img1.doubanio.com/view/subject/s/public/s33956867.jpg,置身事内:中国政府与经济发展,兰小欢 ,兰小欢 ,9.1,
59,https://img9.doubanio.com/view/subject/s/public/s34069455.jpg,中国少年儿童百科全书（全四册）,林崇德 主编 ,林崇德 主编 ,9.4,
60,https://img9.doubanio.com/view/subject/s/public/s3254244.jpg,嫌疑人X的献身,[日] 东野圭吾 ,[日] 东野圭吾 ,8.9,数学好是一种极致的浪漫
61,https://img1.doubanio.com/view/subject/s/public/s33640730.jpg,秋园,杨本芬 ,杨本芬 ,9.0,
62,https://img2.doubanio.com/view/subject/s/public/s27003191.jpg,鼠疫,[法] 阿尔贝·加缪 ,[法] 阿尔贝·加缪 ,9.1,用别样的监禁生活再现某种监禁生活，与用不存在的事表现真事同等合理
63,https://img2.doubanio.com/view/subject/s/public/s1076372.jpg,黄金时代:时代三部曲,王小波 ,王小波 ,8.9,我想爱，想吃，还想在一瞬间变成天上半明半暗的云
64,https://img9.doubanio.com/view/subject/s/public/s1953384.jpg,史记（全十册）:（全十册）,司马迁 ,司马迁 ,9.5,史家之绝唱，无韵之离骚
65,https://img2.doubanio.com/view/subject/s/public/s4250062.jpg,傲慢与偏见,[英] 奥斯丁 ,[英] 奥斯丁 ,8.9,所有现代言情小说的母体
66,https://img9.doubanio.com/view/subject/s/public/s34300626.jpg,始于极限:女性主义往复书简,[日] 上野千鹤子 ,[日] 上野千鹤子 ,9.1,
67,https://img9.doubanio.com/view/subject/s/public/s1627374.jpg,西游记（全二册）,吴承恩 ,吴承恩 ,9.0,神魔皆有人情，精魅亦通世故
68,https://img9.doubanio.com/view/subject/s/public/s4521754.jpg,悲惨世界（上中下）,[法] 雨果 ,[法] 雨果 ,9.1,现实主义与浪漫主义的至高杰作
69,https://img2.doubanio.com/view/subject/s/public/s1979223.jpg,诗经,孔丘 编订 ,孔丘 编订 ,9.5,思无邪
70,https://img9.doubanio.com/view/subject/s/public/s4526465.jpg,台北人,白先勇 ,白先勇 ,9.0,白先勇短篇小说集
71,https://img9.doubanio.com/view/subject/s/public/s1768916.jpg,历史深处的忧虑:近距离看美国之一,林达 ,林达 ,9.0,窥见美国社会的一扇窗
72,https://img9.doubanio.com/view/subject/s/public/s1486674.jpg,上帝掷骰子吗:量子物理史话,曹天元 ,曹天 ,9.2,量子物理史话
73,https://img9.doubanio.com/view/subject/s/public/s26018916.jpg,神雕侠侣,金庸 ,金庸 ,8.9,至情至性，情大于武
74,https://img2.doubanio.com/view/subject/s/public/s27409671.jpg,永恒的终结:关于时间旅行的终极奥秘和恢宏构想,[美] 艾萨克·阿西莫夫 ,[美] 艾萨克·阿西莫夫 ,9.1,关于时间旅行的终极奥秘和恢宏构想
75,https://img1.doubanio.com/view/subject/s/public/s6240330.jpg,孽子,白先勇 ,白先勇 ,9.1,写给那一群， 在最深最深的黑夜里， 独自彷徨街头， 无所依归的孩子们
76,https://img1.doubanio.com/view/subject/s/public/s24611679.jpg,文学回忆录:1989—1994,木心 口述 ,木心 口述 ,9.1,木心留给世界的礼物
77,https://img1.doubanio.com/view/subject/s/public/s29071620.jpg,一个叫欧维的男人决定去死,[瑞典] 弗雷德里克·巴克曼 ,[瑞典] 弗雷德里克·巴克曼 ,9.1,这个发生在瑞典的故事，如生命庆典般绚丽斑斓
78,https://img9.doubanio.com/view/subject/s/public/s1020454.jpg,哭泣的骆驼,三毛 ,三毛 ,9.0,沙漠中寻常的生与死
79,https://img1.doubanio.com/view/subject/s/public/s1008848.jpg,唐诗三百首,蘅塘退士 ,蘅塘退士 ,9.4,熟读唐诗三百首，不会吟诗也会吟
80,https://img9.doubanio.com/view/subject/s/public/s2651394.jpg,灿烂千阳,[美] 卡勒德·胡赛尼 ,[美] 卡勒德·胡赛尼 ,8.9,唯有希望与爱可以驱散阴霾
81,https://img2.doubanio.com/view/subject/s/public/s34192061.jpg,可能性的艺术:比较政治学30讲,刘瑜 ,刘瑜 ,9.2,
82,https://img2.doubanio.com/view/subject/s/public/s33802981.jpg,刘擎西方现代思想讲义,刘擎 ,刘擎 ,9.2,
83,https://img9.doubanio.com/view/subject/s/public/s29477615.jpg,美丽新世界,【英】奥尔德斯·赫胥黎 ,【英】奥尔德斯·赫胥黎 ,9.2,
84,https://img9.doubanio.com/view/subject/s/public/s1146614.jpg,人间词话,王国维 ,王国维 ,9.0,以新眼光评旧文学
85,https://img1.doubanio.com/view/subject/s/public/s28260907.jpg,最好的告别:关于衰老与死亡，你必须知道的常识,[美] 阿图·葛文德（Atul Gawande） ,[美] 阿图·葛文德（Atul Gawande） ,9.0,关于衰老与死亡，你必须知道的常识
86,https://img2.doubanio.com/view/subject/s/public/s1067911.jpg,窗边的小豆豆,[日] 黑柳彻子 著 ,[日] 黑柳彻子 著 ,8.8,真正懂孩子的教育经
87,https://img1.doubanio.com/view/subject/s/public/s1167060.jpg,呼兰河传:1947年版本・原版珍藏,萧红 ,萧红 ,9.0,萧红的童年往事
88,https://img2.doubanio.com/view/subject/s/public/s3893343.jpg,美的历程,李泽厚 ,李泽厚 ,9.2,中国美学经典之作
89,https://img1.doubanio.com/view/subject/s/public/s3228699.jpg,四世同堂,老舍 ,老舍 ,9.4,北平沦陷时代广大平民的悲惨遭遇
90,https://img2.doubanio.com/view/subject/s/public/s1045431.jpg,道德经,黄元吉 ,黄吉 ,9.5,中国历史上首部完整的哲学著作
91,https://img9.doubanio.com/view/subject/s/public/s6807265.jpg,浪潮之巅,吴军 ,吴军 ,9.0,了解IT领域的入门读物
92,https://img1.doubanio.com/view/subject/s/public/s24514758.jpg,看见,柴静 ,柴静 ,8.8,在这里看见中国
93,https://img2.doubanio.com/view/subject/s/public/s8958901.jpg,冬牧场,李娟 ,李娟 ,9.1,阿勒泰的精灵
94,https://img2.doubanio.com/view/subject/s/public/s29535271.jpg,离开的，留下的:那不勒斯四部曲3,[意] 埃莱娜·费兰特 ,[意] 埃莱娜·费兰特 ,8.9,探索中年的虚无、困惑、野心和近乎残暴的爱
95,https://img9.doubanio.com/view/subject/s/public/s1790246.jpg,罪与罚,[俄] 陀思妥耶夫斯基 ,[俄] 陀思妥耶夫斯基 ,9.3,描绘人内心的全部深度
96,https://img2.doubanio.com/view/subject/s/public/s4661043.jpg,爱你就像爱生命,王小波 ,王小波 ,8.8,王小波与李银河的两地书
97,https://img2.doubanio.com/view/subject/s/public/s33685372.jpg,绝叫,[日] 叶真中显 ,[日] 叶真中显 ,8.9,
98,https://img2.doubanio.com/view/subject/s/public/s9015481.jpg,叫魂:1768年中国妖术大恐慌,[美] 孔飞力 ,[美] 孔飞力 ,9.1,1768年中国妖术大恐慌
99,https://img2.doubanio.com/view/subject/s/public/s33944153.jpg,也许你该找个人聊聊,[美]洛莉·戈特利布 ,[美]洛莉·戈特利布 ,9.0,
100,https://img2.doubanio.com/view/subject/s/public/s1015872.jpg,我们仨,杨绛 ,杨绛 ,8.8,家庭生活回忆录
101,https://img1.doubanio.com/view/subject/s/public/s8972088.jpg,看不见的城市,[意] 伊塔洛·卡尔维诺 ,[意] 伊塔洛·卡尔维诺 ,9.0,
102,https://img1.doubanio.com/view/subject/s/public/s27217828.jpg,失明症漫记,[葡] 若泽·萨拉马戈 ,[葡] 若泽·萨拉马戈 ,9.1,失明症迅速蔓延，整个城市陷入一场空前的灾难
103,https://img2.doubanio.com/view/subject/s/public/s28688273.jpg,棋王·树王·孩子王:阿城文集之一,阿城 ,阿城 ,9.3,
104,https://img9.doubanio.com/view/subject/s/public/s28668834.jpg,巨人的陨落:世纪三部曲,[英] 肯·福莱特 ,[英] 肯·福莱特 ,8.9,五个家族，一场战争
105,https://img1.doubanio.com/view/subject/s/public/s2832939.jpg,教父,[美]马里奥·普佐 ,[美]马里奥·普佐 ,9.0,“教父三部曲”电影原著
106,https://img2.doubanio.com/view/subject/s/public/s1067491.jpg,海子的诗,海子 ,海子 ,9.0,
107,https://img1.doubanio.com/view/subject/s/public/s3983958.jpg,人生的枷锁,[英] 毛姆 ,[英] 毛姆 ,9.1,在混沌纷扰的生活漩流中，寻求人生的真谛
108,https://img2.doubanio.com/view/subject/s/public/s28332051.jpg,斯通纳,[美] 约翰·威廉斯 ,[美] 约翰·威廉斯 ,8.9,即使不能拥有完美的生活，所幸追求过完整的自我
109,https://img9.doubanio.com/view/subject/s/public/s4619775.jpg,人生的智慧,(德)叔本华 ,(德)叔本华 ,9.2,对世俗、实用问题深刻而透彻的讨论
110,https://img2.doubanio.com/view/subject/s/public/s1044902.jpg,飞鸟集,[印] 罗宾德拉纳德·泰戈尔 ,[印] 罗宾德拉纳德·泰戈尔 ,8.9,一个淡泊清透的世界
111,https://img1.doubanio.com/view/subject/s/public/s3134040.jpg,鹿鼎记,金庸 ,金庸 ,8.9,武侠的解构，流氓的狂欢
112,https://img2.doubanio.com/view/subject/s/public/s1106951.jpg,毛泽东选集第一卷,毛泽东 ,毛泽东 ,9.6,
113,https://img9.doubanio.com/view/subject/s/public/s34072986.jpg,桶川跟踪狂杀人事件,[日] 清水洁 ,[日] 清水洁 ,9.0,
114,https://img2.doubanio.com/view/subject/s/public/s3628082.jpg,受戒:汪曾祺自选集,汪曾祺 ,汪曾祺 ,9.3,江南乡镇民间生活，健康淳朴的人性
115,https://img2.doubanio.com/view/subject/s/public/s6987353.jpg,陆犯焉识,严歌苓 ,严歌苓 ,8.9,翻手为苍凉，覆手为繁华
116,https://img2.doubanio.com/view/subject/s/public/s2393243.jpg,梦里花落知多少,三毛 ,三毛 ,8.8,哀而不伤
117,https://img1.doubanio.com/view/subject/s/public/s1595557.jpg,边城,沈从文 ,沈从文 ,8.7,一切充满了善，然而到处是不凑巧
118,https://img1.doubanio.com/view/subject/s/public/s2619779.jpg,十万个为什么,少年儿童出版社 ,少年儿童出版社 ,9.2,
119,https://img1.doubanio.com/view/subject/s/public/s33317677.jpg,克莱因壶,[日]冈岛二人 ,[日]冈岛二人 ,8.9,
120,https://img2.doubanio.com/view/subject/s/public/s1914861.jpg,时间简史:插图本,[英] 史蒂芬·霍金 ,[英] 史蒂芬·霍金 ,8.9,探索时间和空间的核心秘密
121,https://img9.doubanio.com/view/subject/s/public/s2019056.jpg,王尔德童话,[英] 王尔德 ,[英] 王尔德 ,9.1,一颗纯美纯善、永难泯灭的童心
122,https://img2.doubanio.com/view/subject/s/public/s6828981.jpg,这些人，那些事,吴念真 ,吴念真 ,8.8,平淡叙述下的惊心动魄
123,https://img9.doubanio.com/view/subject/s/public/s4444885.jpg,金色梦乡,[日] 伊坂幸太郎 ,[日] 伊坂幸太郎 ,9.0,伊坂幸太郎代表作
124,https://img1.doubanio.com/view/subject/s/public/s33516550.jpg,茶馆,老舍 ,老舍 ,9.2,清末、民初、抗战胜利以后三个历史时期的北京生活风貌
125,https://img1.doubanio.com/view/subject/s/public/s29746559.jpg,小径分岔的花园,[阿根廷] 豪·路·博尔赫斯 ,[阿根廷] 豪·路·博尔赫斯 ,8.9,一个谜语，谜底正是时间
126,https://img9.doubanio.com/view/subject/s/public/s1077996.jpg,少年凯歌,人民文学出版社 ,人民文学出版社 ,9.4,
127,https://img1.doubanio.com/view/subject/s/public/s1201610.jpg,人间草木,汪曾祺 ,汪曾祺 ,9.2,我就是要这样香，香得痛痛快快
128,https://img9.doubanio.com/view/subject/s/public/s28561075.jpg,面纱,[英] 威廉·萨默塞特·毛姆 ,[英] 威廉·萨默塞特·毛姆 ,9.1,
129,https://img1.doubanio.com/view/subject/s/public/s1121598.jpg,昨日的世界:一个欧洲人的回忆,[奥] 斯蒂芬·茨威格 ,[奥] 斯蒂芬·茨威格 ,9.2,一个高贵而残破的昨日镜像
130,https://img9.doubanio.com/view/subject/s/public/s33492346.jpg,你当像鸟飞往你的山,塔拉·韦斯特弗 ,塔拉·韦斯特弗 ,8.7,我来自一个极少有人能想象的家庭，教育给了我新世界
131,https://img1.doubanio.com/view/subject/s/public/s29878650.jpg,遥远的向日葵地,李娟 ,李娟 ,9.1,
132,https://img1.doubanio.com/view/subject/s/public/s27598249.jpg,故事:材质·结构·风格和银幕剧作的原理,[美] 罗伯特·麦基 ,[美] 罗伯特·麦基 ,9.2,材质、结构、风格和银幕剧作的原理
133,https://img9.doubanio.com/view/subject/s/public/s3675595.jpg,绿毛水怪,王小波 ,王小波 ,9.1,我们好象在池塘的水底，从一个月亮走向另一个月亮
134,https://img9.doubanio.com/view/subject/s/public/s1785715.jpg,经济学原理（上下）,[美] 曼昆 ,[美] 曼昆 ,9.1,经济学家们的世界观
135,https://img1.doubanio.com/view/subject/s/public/s33699260.jpg,1367:陳浩基作品2,陳浩基 ,陳浩基 ,9.1,
136,https://img9.doubanio.com/view/subject/s/public/s4133656.jpg,海的女儿,安徒生 ,安徒生 ,9.1,
137,https://img9.doubanio.com/view/subject/s/public/s6795555.jpg,國史大綱（上下）,錢穆 ,錢穆 ,9.4,钱穆中国通史
138,https://img1.doubanio.com/view/subject/s/public/s6185540.jpg,阿勒泰的角落,李娟 ,李娟 ,9.1,白雪和阳光，青草和白桦林
139,https://img1.doubanio.com/view/subject/s/public/s2611329.jpg,一个陌生女人的来信,[奥] 斯蒂芬·茨威格 ,[奥] 斯蒂芬·茨威格 ,8.7,暗恋的极致
140,https://img1.doubanio.com/view/subject/s/public/s29738720.jpg,长日将尽,[英] 石黑一雄 ,[英] 石黑一雄 ,8.9,
141,https://img1.doubanio.com/view/subject/s/public/s29164777.jpg,我的天才女友:那不勒斯四部曲1,[意] 埃莱娜·费兰特 ,[意] 埃莱娜·费兰特 ,8.7,“那不勒斯四部曲”第一部，两个女人，50年的友谊和战争
142,https://img2.doubanio.com/view/subject/s/public/s33968312.jpg,鹿川有许多粪,李沧东 ,李沧东 ,9.0,
143,https://img2.doubanio.com/view/subject/s/public/s3697882.jpg,一句顶一万句,刘震云 ,刘震云 ,8.8,一句胜过千年
144,https://img1.doubanio.com/view/subject/s/public/s3042670.jpg,苏菲的世界,[挪] 乔斯坦·贾德 ,[挪] 乔斯坦·贾德 ,8.8,哲学启蒙书
145,https://img2.doubanio.com/view/subject/s/public/s28330151.jpg,全球通史(上):从史前史到21世纪,[美]斯塔夫里阿诺斯 ,[美]斯塔夫里阿诺斯 ,9.2,
146,https://img2.doubanio.com/view/subject/s/public/s1099483.jpg,万水千山走遍,三毛 ,三毛 ,8.9,从遥远的撒哈拉到敦煌戈壁
147,https://img2.doubanio.com/view/subject/s/public/s5988251.jpg,德米安:埃米尔·辛克莱的彷徨少年时,[德] 赫尔曼·黑塞 ,[德] 赫尔曼·黑塞 ,8.9,少年辛克莱寻找通向自身之路的艰辛历程
148,https://img9.doubanio.com/view/subject/s/public/s2990934.jpg,爱的艺术,[美] 艾·弗洛姆 ,[美] 艾·弗洛姆 ,8.8,谦恭地、勇敢地、真诚地和有纪律地爱他人
149,https://img2.doubanio.com/view/subject/s/public/s6974202.jpg,史蒂夫·乔布斯传,[美] 沃尔特·艾萨克森 ,[美] 沃尔特·艾萨克森 ,8.7,完美主义者的最高形态
150,https://img1.doubanio.com/view/subject/s/public/s2391798.jpg,温柔的夜,三毛 ,三毛 ,9.1,三毛在加纳利群岛的生活
151,https://img1.doubanio.com/view/subject/s/public/s9950828.jpg,亮剑,都梁 ,都梁 ,9.0,面对强大的对手，明知不敌，也要毅然亮剑
152,https://img2.doubanio.com/view/subject/s/public/s28313152.jpg,我不知道该说什么，关于死亡还是爱情:来自切尔诺贝利的声音,[白俄] S·A·阿列克谢耶维奇 ,[白俄] S·A·阿列克谢耶维奇 ,9.1,真实记录切尔诺贝利核灾难事件
153,https://img1.doubanio.com/view/subject/s/public/s27914268.jpg,强风吹拂,三浦紫苑 ,三浦紫苑 ,9.0,明明这么痛苦，这么难过，为什么就是不能放弃跑步？
154,https://img9.doubanio.com/view/subject/s/public/s24964086.jpg,霸王别姬,李碧华 ,李碧华 ,9.1,人间，只是抹去了脂粉的脸
155,https://img2.doubanio.com/view/subject/s/public/s4421443.jpg,不能承受的生命之轻:中文全译本百万纪念版,米兰·昆德拉 ,米兰·昆德拉 ,8.8,
156,https://img1.doubanio.com/view/subject/s/public/s33503989.jpg,一间只属于自己的房间,[英] 弗吉尼亚·伍尔夫 ,[英] 弗吉尼亚·伍尔夫 ,9.2,
157,https://img9.doubanio.com/view/subject/s/public/s26040205.jpg,球状闪电,刘慈欣 ,刘慈欣 ,8.7,量子之外，没有真相
158,https://img2.doubanio.com/view/subject/s/public/s1325863.jpg,古文观止,吴楚材 ,吴楚材 ,9.1,收录自先秦至明末的散文二百二十二篇
159,https://img1.doubanio.com/view/subject/s/public/s2652540.jpg,草房子,曹文轩 ,曹文轩 ,9.0,男孩桑桑刻骨铭心、终身难忘的六年小学生活
160,https://img2.doubanio.com/view/subject/s/public/s32330891.jpg,2001：太空漫游:《太空漫游四部曲》第1部,[英] 阿瑟·克拉克 ,[英] 阿瑟·克拉克 ,9.3,
161,https://img1.doubanio.com/view/subject/s/public/s5763939.jpg,安娜·卡列尼娜,[俄] 列夫·托尔斯泰 ,[俄] 列夫·托尔斯泰 ,9.2,
162,https://img9.doubanio.com/view/subject/s/public/s29827014.jpg,恶意,[日] 东野圭吾 ,[日] 东野圭吾 ,8.7,
163,https://img9.doubanio.com/view/subject/s/public/s2170315.jpg,我也有一个梦想:近距离看美国之三,林达 ,林达 ,9.0,在法治国家里，民众怎样运用法律
164,https://img1.doubanio.com/view/subject/s/public/s6180859.jpg,我的阿勒泰,李娟 ,李娟 ,8.9,描写疆北阿勒泰地区生活和风情的原生态散文集
165,https://img2.doubanio.com/view/subject/s/public/s1670932.jpg,社会心理学:（第8版）,[美] 戴维·迈尔斯 ,[美] 戴维·迈尔斯 ,9.0,人们是如何思索、影响他人并与他人建立联系的
166,https://img1.doubanio.com/view/subject/s/public/s10431840.jpg,激荡三十年（上）:中国企业1978-2008,吴晓波 ,吴晓波 ,8.8,这是一个最好的时代，也是一个最坏的时代
167,https://img1.doubanio.com/view/subject/s/public/s4638950.jpg,倾城之恋,张爱玲 ,张爱玲 ,8.7,“一对平凡的夫妻”之间的“一点真心”
168,https://img2.doubanio.com/view/subject/s/public/s1137441.jpg,麦琪的礼物:欧·亨利短篇小说经典,[美] 欧·亨利 ,[美] 欧·亨利 ,8.7,日常的奇迹
169,https://img2.doubanio.com/view/subject/s/public/s1681072.jpg,天朝的崩溃:鸦片战争再研究,茅海建 ,茅海建 ,9.2,鸦片战争再研究
170,https://img1.doubanio.com/view/subject/s/public/s10199588.jpg,半生缘:张爱玲全集04——小说,张爱玲 ,张爱玲 ,9.1,
171,https://img2.doubanio.com/view/subject/s/public/s28061231.jpg,海风中失落的血色馈赠,[加拿大] 阿利斯泰尔·麦克劳德 ,[加拿大] 阿利斯泰尔·麦克劳德 ,9.0,男女之间、父母与子女之间紧密的纽带和难以逾越的鸿沟
172,https://img1.doubanio.com/view/subject/s/public/s33779178.jpg,西线无战事,[德] 埃里希·玛丽亚·雷马克 ,[德] 埃里希·玛丽亚·雷马克 ,9.5,
173,https://img9.doubanio.com/view/subject/s/public/s27218035.jpg,冰与火之歌:（1-5卷：权力的游戏、列王的纷争、冰雨的风暴、群鸦的盛宴、魔龙的狂,乔治·马丁 ,乔治·马丁 ,9.5,乔治·R·R·马丁史诗奇幻小说
174,https://img9.doubanio.com/view/subject/s/public/s3380714.jpg,额尔古纳河右岸,迟子建 ,迟子建 ,9.0,东北少数民族鄂温克人生存现状及百年沧桑
175,https://img9.doubanio.com/view/subject/s/public/s4124434.jpg,孩子你慢慢来,龙应台 ,龙应台 ,8.7,我们现在怎样做母亲
176,https://img9.doubanio.com/view/subject/s/public/s4093514.jpg,万物有灵且美,[英] 吉米·哈利 ,[英] 吉米·哈利 ,8.9,活泼的生命完全无须借助魔法，便能对我们述说至美至真的故事
177,https://img1.doubanio.com/view/subject/s/public/s26546959.jpg,一桩事先张扬的凶杀案,[哥伦比亚] 加西亚·马尔克斯 ,[哥伦比亚] 加西亚·马尔克斯 ,8.7,我如此急切地想要讲述这桩案件，也许是它最终确定了我的作家生涯
178,https://img1.doubanio.com/view/subject/s/public/s1520169.jpg,九州·缥缈录,江南 ,江南 ,8.8,乱世的英雄史诗
179,https://img1.doubanio.com/view/subject/s/public/s33710398.jpg,平面国:多维空间传奇往事,埃德温·A·艾勃特 ,埃德温·A·艾勃特 ,9.2,
180,https://img9.doubanio.com/view/subject/s/public/s1127135.jpg,情书,[日] 岩井俊二 ,[日] 岩井俊二 ,8.6,一场同名同姓的误会，两段可贵的爱情
181,https://img1.doubanio.com/view/subject/s/public/s34157889.jpg,理想国,[古希腊] 柏拉图 ,[古希腊] 柏拉图 ,8.8,人类历史上最早的乌托邦
182,https://img9.doubanio.com/view/subject/s/public/s2280094.jpg,浮生六记,（清）沈复 ,（清）沈复 ,8.7,苟不记之笔墨，未免有辜彼苍之厚
183,https://img1.doubanio.com/view/subject/s/public/s3435158.jpg,罗生门,[日] 芥川龙之介 ,[日] 芥川龙之介 ,8.7,人生，远比地狱更像地狱
184,https://img2.doubanio.com/view/subject/s/public/s29675003.jpg,天生有罪:特雷弗·诺亚的变色人生,[南非] 特雷弗·诺亚 ,[南非] 特雷弗·诺亚 ,9.1,
185,https://img1.doubanio.com/view/subject/s/public/s4243447.jpg,送你一颗子弹,刘瑜 ,刘瑜 ,8.6,在这本书里，被“审视”的东西杂七杂八
186,https://img1.doubanio.com/view/subject/s/public/s1683067.jpg,尼罗河上的惨案,[英] 阿加莎·克里斯蒂 ,[英] 阿加莎·克里斯蒂 ,8.7,阿加莎·克里斯蒂代表作
187,https://img9.doubanio.com/view/subject/s/public/s26720726.jpg,最好的我们,八月长安 ,八月长安 ,8.8,耿耿余淮
188,https://img1.doubanio.com/view/subject/s/public/s3099438.jpg,渴望生活:梵高传,[美] 欧文·斯通 ,[美] 欧文·斯通 ,9.2,梵高悲惨而成就辉煌的人生
189,https://img2.doubanio.com/view/subject/s/public/s33984963.jpg,从零开始的女性主义,[日本] 上野千鹤子 ,[日本] 上野千鹤子 ,8.7,
190,https://img9.doubanio.com/view/subject/s/public/s34097535.jpg,倚天屠龙记,金庸 ,金庸 ,8.7,不识张郎是张郎
191,https://img2.doubanio.com/view/subject/s/public/s33638812.jpg,地下室手记,(俄罗斯) 陀思妥耶夫斯基 ,(俄罗斯) 陀思妥耶夫斯基 ,9.3,
192,https://img1.doubanio.com/view/subject/s/public/s1469589.jpg,野火集:二十年纪念版,龙应台 ,龙应台 ,8.8,中国人，你为什么不生气
193,https://img1.doubanio.com/view/subject/s/public/s3696740.jpg,银河系漫游指南,[英] 道格拉斯·亚当斯 ,[英] 道格拉斯·亚当斯 ,8.8,一场穿越银河的冒险
194,https://img1.doubanio.com/view/subject/s/public/s1070937.jpg,一千零一夜,纳训 ,纳训 ,8.7,阿拉伯地区的古代民间传说
195,https://img1.doubanio.com/view/subject/s/public/s2563279.jpg,雨季不再来,三毛 ,三毛 ,8.7,三毛少女时代的成长感受
196,https://img2.doubanio.com/view/subject/s/public/s28622011.jpg,雕刻时光,[苏] 安德烈·塔可夫斯基 ,[苏] 安德烈·塔可夫斯基 ,9.5,
197,https://img1.doubanio.com/view/subject/s/public/s23579217.jpg,雷雨,曹禺 ,曹禺 ,8.7,一幕人生大悲剧，在一个雷雨夜爆发
198,https://img2.doubanio.com/view/subject/s/public/s29423902.jpg,当呼吸化为空气,[美] 保罗·卡拉尼什 ,[美] 保罗·卡拉尼什 ,8.9,你在死亡中探究生命的意义，你见证生前的呼吸化作死后的空气
199,https://img1.doubanio.com/view/subject/s/public/s2142329.jpg,孙子兵法,孙武 ,孙武 ,9.4,我国最古老最杰出的一部兵书
200,https://img1.doubanio.com/view/subject/s/public/s3286369.jpg,荒原狼,[德]赫尔曼·黑塞 ,[德]赫尔曼·黑塞 ,9.0,“超现实主义”风格作品，德国的《尤利西斯》
201,https://img1.doubanio.com/view/subject/s/public/s4293097.jpg,你好，旧时光（上下）,八月长安 ,八月长安 ,8.7,原作名切题
202,https://img9.doubanio.com/view/subject/s/public/s28033064.jpg,你一生的故事:特德·姜科幻小说集,[美] 特德·姜 ,[美] 特德·姜 ,8.8,特德·姜科幻小说集
203,https://img1.doubanio.com/view/subject/s/public/s1436519.jpg,水浒传（全二册）,[明] 施耐庵 ,[明] 施耐庵 ,8.7,替天行道
204,https://img9.doubanio.com/view/subject/s/public/s5804746.jpg,论语,刘胜利 ,刘胜利 ,9.1,仁远乎哉？我欲仁，斯仁至矣
205,https://img1.doubanio.com/view/subject/s/public/s33562530.jpg,檀香刑,莫言 ,莫言 ,9.3,
206,https://img1.doubanio.com/view/subject/s/public/s29497110.jpg,亲密关系（第6版）,[美] 罗兰·米勒 (Rowland S. Miller) ,[美] 罗兰·米勒 (Rowland S. Miller) ,9.3,
207,https://img9.doubanio.com/view/subject/s/public/s29417056.jpg,现代艺术150年:一个未完成的故事,[英] 威尔·贡培兹 ,[英] 威尔·贡培兹 ,9.2,
208,https://img2.doubanio.com/view/subject/s/public/s1738643.jpg,枪炮、病菌与钢铁:人类社会的命运,[美] 贾雷德·戴蒙德 ,[美] 贾雷德·戴蒙德 ,8.7,人类社会的命运
209,https://img9.doubanio.com/view/subject/s/public/s28284246.jpg,银河帝国：基地七部曲:百万册纪念版,[美] 艾萨克·阿西莫夫 ,[美] 艾萨克·阿西莫夫 ,9.5,阿西莫夫经典科幻小说
210,https://img9.doubanio.com/view/subject/s/public/s5765615.jpg,庄子,孙通海 译注 ,孙通海 译注 ,9.4,野马也，尘埃也，生物之以息相吹也
211,https://img2.doubanio.com/view/subject/s/public/s1024472.jpg,顾城的诗,顾城 ,顾城 ,8.8,火焰是我们诗歌唯一的读者
212,https://img9.doubanio.com/view/subject/s/public/s28297426.jpg,南京大屠杀:第二次世界大战中被遗忘的大浩劫,[美]张纯如（Iris Chang） ,[美]张纯如（Iris Chang） ,9.7,
213,https://img1.doubanio.com/view/subject/s/public/s33986279.jpg,筚路维艰:中国社会主义路径的五次选择,萧冬连 ,萧冬连 ,9.6,
214,https://img1.doubanio.com/view/subject/s/public/s2897060.jpg,象棋的故事,[奥] 斯蒂芬·茨威格 ,[奥] 斯蒂芬·茨威格 ,9.1,纳粹法西斯对人心灵的折磨及摧残
215,https://img2.doubanio.com/view/subject/s/public/s27264181.jpg,解忧杂货店,[日] 东野圭吾 ,[日] 东野圭吾 ,8.5,现代人内心流失的东西，这家杂货店能帮你找回
216,https://img2.doubanio.com/view/subject/s/public/s33884123.jpg,流俗地,【马来西亚】黎紫书 ,【马来西亚】黎紫书 ,9.2,
217,https://img1.doubanio.com/view/subject/s/public/s3993878.jpg,亲爱的安德烈,龙应台 ,龙应台 ,8.6,弭平代沟，跨越文化阻隔
218,https://img1.doubanio.com/view/subject/s/public/s3984108.jpg,目送,龙应台 ,龙应台 ,8.6,不必追
219,https://img9.doubanio.com/view/subject/s/public/s2170316.jpg,总统是靠不住的:近距离看美国之二,林达 ,林达 ,8.8,美国政治法律制度的基本原理和操作细节
220,https://img9.doubanio.com/view/subject/s/public/s1950424.jpg,上学记,何兆武 口述 ,何兆武 口述 ,8.9,20世纪中国知识分子的心灵史
221,https://img9.doubanio.com/view/subject/s/public/s28397415.jpg,二手时间,[白俄] S. A. 阿列克谢耶维奇 ,[白俄] S. A. 阿列克谢耶维奇 ,8.9,用最为细小的马赛克拼出了一幅完整的后苏联时代图景
222,https://img1.doubanio.com/view/subject/s/public/s1146040.jpg,骆驼祥子,老舍 ,老舍 ,8.6,旧中国老北京贫苦市民的典型命运
223,https://img1.doubanio.com/view/subject/s/public/s28284337.jpg,火星救援,[美]安迪•威尔 ,[美]安迪•威尔 ,8.9,跟火星来一场不是你死就是我活的过家家游戏
224,https://img9.doubanio.com/view/subject/s/public/s24174596.jpg,毛姆短篇小说精选集,[英] 威廉·萨默塞特·毛姆 ,[英] 威廉·萨默塞特·毛姆 ,9.1,在各种光怪陆离的场景中，迷失的人性引发了一连串的悲剧
225,https://img9.doubanio.com/view/subject/s/public/s10206185.jpg,东晋门阀政治,田余庆 ,田余庆 ,9.5,
226,https://img1.doubanio.com/view/subject/s/public/s24598159.jpg,众病之王:癌症传,[美] 悉达多·穆克吉 ,[美] 悉达多·穆克吉 ,9.0,癌症传
227,https://img2.doubanio.com/view/subject/s/public/s1072541.jpg,青铜时代:时代三部曲,王小波 ,王小波 ,8.8,唐人传奇贯注现代情趣
228,https://img2.doubanio.com/view/subject/s/public/s28274132.jpg,认识电影:插图第11版,[美] 路易斯·贾内梯 ,[美] 路易斯·贾内梯 ,8.9,电影入门经典之作
229,https://img2.doubanio.com/view/subject/s/public/s25807032.jpg,会饮篇,[古希腊] 柏拉图 ,[古希腊] 柏拉图 ,9.3,
230,https://img9.doubanio.com/view/subject/s/public/s1073574.jpg,荆棘鸟,[澳] 考琳·麦卡洛 ,[澳] 考琳·麦卡洛 ,8.6,澳洲乱世情
231,https://img9.doubanio.com/view/subject/s/public/s2976745.jpg,金锁记,张爱玲 ,张爱玲 ,8.6,一个小商人家庭出身的女子曹七巧的心灵变迁历程
232,https://img2.doubanio.com/view/subject/s/public/s8972061.jpg,不存在的骑士,[意] 伊塔洛·卡尔维诺 ,[意] 伊塔洛·卡尔维诺 ,8.9,
233,https://img9.doubanio.com/view/subject/s/public/s1069364.jpg,中国哲学简史,冯友兰 ,冯友兰 ,8.9,中国哲学入门书
234,https://img2.doubanio.com/view/subject/s/public/s29960161.jpg,显微镜下的大明,马伯庸 ,马伯庸 ,8.7,
235,https://img2.doubanio.com/view/subject/s/public/s29032782.jpg,在细雨中呼喊,余华 ,余华 ,8.8,
236,https://img9.doubanio.com/view/subject/s/public/s30025945.jpg,黑箱:日本之耻,[日]伊藤诗织 ,[日]伊藤诗织 ,8.9,
237,https://img1.doubanio.com/view/subject/s/public/s2516920.jpg,从一到无穷大:科学中的事实和臆测,[美] G. 伽莫夫 ,[美] G. 伽莫夫 ,9.1,科学中的事实和臆测
238,https://img1.doubanio.com/view/subject/s/public/s2522397.jpg,规训与惩罚:监狱的诞生,[法] 米歇尔·福柯 ,[法] 米歇尔·福柯 ,9.3,伴随着惩罚的人性化，自由反而日益丧失了
239,https://img9.doubanio.com/view/subject/s/public/s9110246.jpg,了不起的盖茨比,[美] 斯科特·菲茨杰拉德 ,[美] 斯科特·菲茨杰拉德 ,8.7,
240,https://img9.doubanio.com/view/subject/s/public/s33723475.jpg,父权制与资本主义,[日] 上野千鹤子 ,[日] 上野千鹤子 ,9.2,
241,https://img1.doubanio.com/view/subject/s/public/s27009357.jpg,哈姆莱特,[英] 莎士比亚 ,[英] 莎士比亚 ,8.7,生存还是毁灭，这是一个值得思考的问题
242,https://img2.doubanio.com/view/subject/s/public/s28095832.jpg,李光耀观天下,李光耀 ,李光耀 ,9.2,
243,https://img2.doubanio.com/view/subject/s/public/s32332471.jpg,时间的秩序,[意] 卡洛·罗韦利 ,[意] 卡洛·罗韦利 ,8.9,
244,https://img2.doubanio.com/view/subject/s/public/s3867373.jpg,香水:一个谋杀犯的故事,[德] 帕·聚斯金德 ,[德] 帕·聚斯金德 ,8.9,
245,https://img1.doubanio.com/view/subject/s/public/s1120437.jpg,夏洛的网,[美] E.B.怀特 ,[美] E.B.怀特 ,8.6,一个蜘蛛和小猪的故事，写给孩子，也写给大人
246,https://img2.doubanio.com/view/subject/s/public/s1993421.jpg,正见:佛陀的证悟,宗萨蒋扬钦哲仁波切 ,宗萨蒋扬钦哲仁波切 ,8.8,佛陀的证悟
247,https://img1.doubanio.com/view/subject/s/public/s26037307.jpg,繁花,金宇澄 ,金宇澄 ,8.7,海上繁花，请静观静读
248,https://img2.doubanio.com/view/subject/s/public/s29673011.jpg,跨越边界的社区（修订版）:北京“浙江村”的生活史,项飙 ,项飙 ,9.5,
249,https://img2.doubanio.com/view/subject/s/public/s29425921.jpg,步履不停,[日] 是枝裕和 ,[日] 是枝裕和 ,8.7,人生路上，步履不停，总有那么一点来不及
